Student Name,Grade,Address,Salary,Temperature °F (2026-07-23)
Alex Smith,88,"2055 Pine Road, Fairview, OR 97858",3420,79.4
Jordan Lee,94,"6805 Sunset Terrace, Fairview, OR 18255",4077,79.4
Taylor Brown,79,"6949 River Road, Georgetown, KY 88963",2916,68.4
Morgan Davis,91,"6752 Pine Road, Franklin, TN 80756",5788,72.9
Casey Wilson,84,"7702 River Road, Springfield, IL 72413",3960,70.4
Riley Johnson,76,"8364 Willow Way, Georgetown, KY 63912",5079,68.4
Cameron Martinez,89,"7299 Highland Ave, Georgetown, KY 83445",4662,68.4
Avery Thompson,95,"9403 Pine Road, Portland, ME 46809",5783,66.0
Quinn Anderson,82,"2171 Meadow Lane, Salem, VA 91386",2477,67.1
Parker Thomas,87,"4049 Oak Street, Madison, WI 86612",4063,68.1
Reese Jackson,73,"2800 Cedar Lane, Bristol, CT 91698",3468,67.1
Skyler White,90,"8122 Sunset Terrace, Bristol, CT 14293",2161,67.1
Rowan Harris,86,"3459 Willow Way, Salem, VA 14540",5287,67.1
Dakota Martin,78,"4389 Birch Court, Salem, VA 26749",5909,67.1
Emerson Garcia,93,"563 Cedar Lane, Fairview, OR 94869",3068,79.4
Finley Clark,81,"9915 Elm Drive, Franklin, TN 45550",3760,72.9
Hayden Lewis,88,"6416 Birch Court, Milton, DE 55005",2659,69.6
Sawyer Robinson,74,"5116 Meadow Lane, Ashland, OH 73822",4285,66.1
Kendall Walker,92,"6089 Elm Drive, Bristol, CT 94126",2051,67.1
Blake Young,85,"7655 Elm Drive, Georgetown, KY 39379",2776,68.4
Jamie Hall,77,"3399 Highland Ave, Georgetown, KY 41356",4785,68.4
Payton Allen,96,"2616 River Road, Bristol, CT 38677",3245,67.1
Drew King,83,"7971 Willow Way, Ashland, OH 98813",2029,66.1
Sydney Wright,89,"2595 Sunset Terrace, Franklin, TN 28280",4574,72.9
Logan Scott,72,"5833 Meadow Lane, Milton, DE 28918",5866,69.6
Harper Green,94,"4789 Elm Drive, Riverside, CA 55859",3123,94.7
Elliot Baker,80,"4862 River Road, Clinton, IA 67042",5101,68.5
Charlie Adams,87,"8590 Oak Street, Madison, WI 53530",3432,68.1
River Nelson,91,"3301 River Road, Georgetown, KY 79077",4060,68.4
Phoenix Carter,75,"636 Sunset Terrace, Fairview, OR 22531",4440,79.4
Sage Mitchell,98,"2023 Lakeview Blvd, Ashland, OH 23024",5478,66.1
Robin Perez,84,"4390 Elm Drive, Portland, ME 28524",5262,66.0
Micah Roberts,79,"7245 Pine Road, Portland, ME 41505",3591,66.0
Noel Turner,86,"9574 Cedar Lane, Riverside, CA 88578",4803,94.7
Tatum Phillips,90,"1650 Maple Ave, Ashland, OH 11932",4927,66.1
Frankie Campbell,82,"7474 River Road, Franklin, TN 71180",3772,72.9
Shawn Parker,88,"9229 Cedar Lane, Fairview, OR 62937",2345,79.4
Corey Evans,71,"7983 Meadow Lane, Georgetown, KY 35292",3131,68.4
Marley Edwards,95,"5719 Sunset Terrace, Madison, WI 69293",3783,68.1
Remy Collins,83,"3210 Lakeview Blvd, Fairview, OR 83099",2198,79.4
Lane Stewart,77,"3686 Elm Drive, Clinton, IA 76279",5702,68.5
Justice Sanchez,92,"6048 Cedar Lane, Ashland, OH 23407",3829,66.1
Ellis Morris,85,"9200 Meadow Lane, Riverside, CA 45720",4352,94.7
Kerry Rogers,80,"1211 River Road, Ashland, OH 36816",3681,66.1
Tristan Reed,89,"570 Birch Court, Salem, VA 71556",4215,67.1
Wren Cook,93,"7296 Elm Drive, Salem, VA 69676",3193,67.1
Lennon Morgan,76,"3352 River Road, Madison, WI 73046",3685,68.1
Arden Bell,87,"8490 Willow Way, Madison, WI 84252",5547,68.1
Shiloh Murphy,81,"6369 Highland Ave, Salem, VA 53086",4864,67.1
Milan Bailey,96,"896 Birch Court, Madison, WI 22654",3272,68.1
Ari Rivera,74,"6223 Sunset Terrace, Georgetown, KY 20491",2619,68.4
Sam Cooper,90,"3713 Meadow Lane, Milton, DE 12686",5601,69.6
Jules Richardson,84,"9694 Maple Ave, Madison, WI 69155",5063,68.1
Taylor Cox,78,"3947 River Road, Clinton, IA 34731",3225,68.5
Jordan Howard,91,"1707 Sunset Terrace, Portland, ME 60007",4252,66.0
Alex Ward,86,"9506 Oak Street, Riverside, CA 81800",2565,94.7
Morgan Torres,82,"1023 Birch Court, Milton, DE 29710",2860,69.6
Casey Peterson,88,"932 Lakeview Blvd, Portland, ME 18393",5979,66.0
Riley Gray,75,"7850 Oak Street, Franklin, TN 52252",2218,72.9
Cameron Ramirez,94,"1788 Lakeview Blvd, Milton, DE 37429",5933,69.6
Avery James,83,"6384 Willow Way, Ashland, OH 86227",5810,66.1
Quinn Watson,79,"8469 River Road, Springfield, IL 95057",4243,70.4
Parker Brooks,92,"3932 Pine Road, Ashland, OH 25411",5858,66.1
Reese Kelly,85,"6473 Cedar Lane, Salem, VA 23170",3539,67.1
Skyler Sanders,80,"1965 Oak Street, Milton, DE 30866",4527,69.6
Rowan Price,97,"3318 Lakeview Blvd, Franklin, TN 17507",5331,72.9
Dakota Bennett,73,"111 Birch Court, Salem, VA 58477",4287,67.1
Emerson Wood,89,"2341 Oak Street, Milton, DE 16506",4162,69.6
Finley Barnes,87,"2355 Pine Road, Bristol, CT 36894",2008,67.1
Hayden Ross,81,"9765 Pine Road, Bristol, CT 42352",4325,67.1
Sawyer Henderson,93,"9054 Willow Way, Fairview, OR 92793",3066,79.4
Kendall Coleman,76,"3746 Pine Road, Franklin, TN 10854",5990,72.9
Blake Jenkins,90,"6219 Cedar Lane, Riverside, CA 40206",4142,94.7
Jamie Perry,84,"4061 Highland Ave, Portland, ME 18433",3899,66.0
Payton Powell,88,"8543 Sunset Terrace, Salem, VA 58411",3705,67.1
Drew Long,77,"8068 Pine Road, Salem, VA 62707",3570,67.1
Sydney Patterson,95,"8039 Pine Road, Ashland, OH 34240",4478,66.1
Logan Hughes,82,"7737 Highland Ave, Salem, VA 80064",3639,67.1
Harper Flores,91,"1100 Lakeview Blvd, Franklin, TN 85547",2446,72.9
Elliot Washington,74,"2416 Cedar Lane, Springfield, IL 72452",5402,70.4
Charlie Butler,86,"5540 Willow Way, Portland, ME 97168",2006,66.0
River Simmons,83,"8036 Pine Road, Georgetown, KY 38411",2765,68.4
Phoenix Foster,79,"4152 Pine Road, Georgetown, KY 95566",3639,68.4
Sage Gonzales,98,"1662 Highland Ave, Milton, DE 72206",4033,69.6
Robin Bryant,85,"9474 Sunset Terrace, Riverside, CA 27559",5963,94.7
Micah Alexander,87,"5477 Birch Court, Springfield, IL 49631",4246,70.4
Noel Russell,72,"9357 River Road, Springfield, IL 79205",4208,70.4
Tatum Griffin,94,"8079 Oak Street, Milton, DE 56822",4837,69.6
Frankie Diaz,80,"4896 Birch Court, Springfield, IL 31454",4201,70.4
Shawn Hayes,89,"9619 Pine Road, Fairview, OR 41887",3399,79.4
Corey Myers,78,"6554 Maple Ave, Clinton, IA 58511",5640,68.5
Marley Ford,92,"8252 Willow Way, Franklin, TN 99348",4275,72.9
Remy Hamilton,84,"6468 Pine Road, Springfield, IL 15821",4989,70.4
Lane Graham,76,"1200 Birch Court, Fairview, OR 50653",3325,79.4
Justice Sullivan,96,"4431 Oak Street, Springfield, IL 40109",4411,70.4
Ellis Wallace,81,"3372 Lakeview Blvd, Ashland, OH 44105",5897,66.1
Kerry Woods,88,"9933 Pine Road, Fairview, OR 54065",5072,79.4
Tristan Cole,75,"1799 Meadow Lane, Portland, ME 38797",2810,66.0
Wren West,93,"1339 Meadow Lane, Springfield, IL 27067",2510,70.4
Lennon Jordan,82,"196 Oak Street, Clinton, IA 28747",4367,68.5
Arden Owens,90,"6491 Birch Court, Madison, WI 44766",5630,68.1
Shiloh Reynolds,86,"5700 Cedar Lane, Clinton, IA 81520",2648,68.5
Milan Fisher,97,"5326 Cedar Lane, Portland, ME 74210",3183,66.0
